p00003,401,06R400:M0Ixxxxx,06R400:M0Ixxxxx,20,20,a00005,
p00003,401,06R400:M0Ixxxxx,06R400:M0Ixxxxx,20,20,a00005,
p00003,401,06R400:M0Ixxxxx,06R400:M0Ixxxxx,20,20,a00005,
p00003,401,06R400:M0Ixxxxx,06R400:M0Ixxxxx,20,20,a00005,
p00003,401,06R400:M0Ixxxxx,06R400:M0Ixxxxx,20,20,a00005,
p00003,401,06R400:M0Ixxxxx,06R400:M0Ixxxxx,20,20,a00005,
p00003,401,06R400:M0Ixxxxx,06R400:M0Ixxxxx,20,20,a00005,
p00003,401,06R400:M0Ixxxxx,06R400:M0Ixxxxx,20,20,a00005,
p00003,401,06R400:M0Ixxxxx,06R400:M0Ixxxxx,20,20,a00005,
p00003,401,06R400:M0Ixxxxx,06R400:M0Ixxxxx,20,20,a00005,
p00003,401,06R400:M0Ixxxxx,06R400:M0Ixxxxx,20,20,a00005,
p00003,401,06R400:M0Ixxxxx,06R400:M0Ixxxxx,20,20,a00005,
p00003,401,06R400:M0Ixxxxx,06R400:M0Ixxxxx,20,20,a00005,
p00003,401,06R400:M0Ixxxxx,06R400:M0Ixxxxx,20,20,a00005,
p00003,401,06R400:M0Ixxxxx,06R400:M0Ixxxxx,20,20,a00005,
p00003,401,06R400:M0Ixxxxx,06R400:M0Ixxxxx,20,20,a00005,
p00003,401,06R400:M0Ixxxxx,06R400:M0Ixxxxx,20,20,a00005,
p00003,401,06R400:M0Ixxxxx,06R400:M0Ixxxxx,20,20,a00005,
p00003,401,06R400:M0Ixxxxx,06R400:M0Ixxxxx,20,20,a00005,
p00003,401,06R400:M0Ixxxxx,06R400:M0Ixxxxx,20,20,a00005,
p00003,401,06R400:M0Ixxxxx,06R400:M0Ixxxxx,20,20,a00005,
p00003,401,06R400:M0Ixxxxx,06R400:M0Ixxxxx,20,20,a00005,
p00003,401,06R400:M0Ixxxxx,06R400:M0Ixxxxx,20,20,a00005,
p00003,401,06R400:M0Ixxxxx,06R400:M0Ixxxxx,20,20,a00005,
p00003,401,06R400:M0Ixxxxx,06R400:M0Ixxxxx,20,20,a00005,
p00003,401,06R400:M0Ixxxxx,06R400:M0Ixxxxx,20,20,a00005,
p00003,401,06R400:M0Ixxxxx,06R400:M0Ixxxxx,20,20,a00005,
p00003,401,06R400:M0Ixxxxx,06R400:M0Ixxxxx,20,20,a00005,
p00003,401,06R400:M0Ixxxxx,06R400:M0Ixxxxx,20,20,a00005,
p00003,401,06R400:M0Ixxxxx,06R400:M0Ixxxxx,20,20,a00005,