p00004,403,"07R401:M0Ixxxxx","07R401:M0Ixxxxx",20,20,a00009
p00004,403,"07R401:M0Ixxxxx","07R401:M0Ixxxxx",20,20,a00009
p00004,403,"07R401:M0Ixxxxx","07R401:M0Ixxxxx",20,20,a00009
p00004,403,"07R401:M0Ixxxxx","07R401:M0Ixxxxx",20,20,a00009
p00004,403,"07R401:M0Ixxxxx","07R401:M0Ixxxxx",20,20,a00009
p00004,403,"07R401:M0Ixxxxx","07R401:M0Ixxxxx",20,20,a00009
p00004,403,"07R401:M0Ixxxxx","07R401:M0Ixxxxx",20,20,a00009
p00004,403,"07R401:M0Ixxxxx","07R401:M0Ixxxxx",20,20,a00009
p00004,403,"07R401:M0Ixxxxx","07R401:M0Ixxxxx",20,20,a00009
p00004,403,"07R401:M0Ixxxxx","07R401:M0Ixxxxx",20,20,a00009
p00004,403,"07R401:M0Ixxxxx","07R401:M0Ixxxxx",20,20,a00009
p00004,403,"07R401:M0Ixxxxx","07R401:M0Ixxxxx",20,20,a00009
p00004,403,"07R401:M0Ixxxxx","07R401:M0Ixxxxx",20,20,a00009
p00004,403,"07R401:M0Ixxxxx","07R401:M0Ixxxxx",20,20,a00009
p00004,403,"07R401:M0Ixxxxx","07R401:M0Ixxxxx",20,20,a00009
p00004,403,"07R401:M0Ixxxxx","07R401:M0Ixxxxx",20,20,a00009
p00004,403,"07R401:M0Ixxxxx","07R401:M0Ixxxxx",20,20,a00009
p00004,403,"07R401:M0Ixxxxx","07R401:M0Ixxxxx",20,20,a00009
p00004,403,"07R401:M0Ixxxxx","07R401:M0Ixxxxx",20,20,a00009
p00004,403,"07R401:M0Ixxxxx","07R401:M0Ixxxxx",20,20,a00009
p00004,403,"07R401:M0Ixxxxx","07R401:M0Ixxxxx",20,20,a00009
p00004,403,"07R401:M0Ixxxxx","07R401:M0Ixxxxx",20,20,a00009
p00004,403,"07R401:M0Ixxxxx","07R401:M0Ixxxxx",20,20,a00009
p00004,403,"07R401:M0Ixxxxx","07R401:M0Ixxxxx",20,20,a00009
p00004,403,"07R401:M0Ixxxxx","07R401:M0Ixxxxx",20,20,a00009
p00004,403,"07R401:M0Ixxxxx","07R401:M0Ixxxxx",20,20,a00009
p00004,403,"07R401:M0Ixxxxx","07R401:M0Ixxxxx",20,20,a00009
p00004,403,"07R401:M0Ixxxxx","07R401:M0Ixxxxx",20,20,a00009
p00004,403,"07R401:M0Ixxxxx","07R401:M0Ixxxxx",20,20,a00009
p00004,403,"07R401:M0Ixxxxx","07R401:M0Ixxxxx",20,20,a00009
